"","feature","metadata","value","coef","stderr","N","N.not.0","pval","qval","taxonomy"
"1","TACGGAGGATTCAAGCGTTATCCGGATTTATTGGGTTTAAAGGGTGCGTAGGCGGTCGGATAAGTTAGAGGTGAAATCCCGAGGCTCAACTTCGGAATTGCCTCTGATACTGTTCGGCTAGAGAGTAGTTGCGGTAGGCGGAATGTATGGTGTAGCGGTGAAATGCTTAGAGATCATACAGAACACCGATTGCGAAGGCAGCTTACCAAGCTACTTCTGACGTTGAGGCACGAAAGCGTGGGGAGCAAACAGG","Genotype","MUT",-0.291090877541506,0.0888070367915891,59,0,0.00185031638903558,0.0251363735868984,"k__Bacteria; p__Bacteroidota; c__Bacteroidia; o__Bacteroidales; f__Rikenellaceae; g__Alistipes; s__"
"2","TACGTAGGGAGCGAGCGTTATCCGGATTTACTGGGTGTAAAGGGCGTGTAGGCGGGATGGCAAGTCAGGCGTGAAAACTATGGGCTCAACCCATAGCCTGCGTTTGAAACTGTCGTTCTTGAGTGATGGAGAGGCAAGCGGAATTCCGTGTGTAGCGGTGAAATGCGTAGATATACGGAGGAACACCAGTGGCGAAGGCGGCTTGCTGGACATTAACTGACGCTGAGGCGCGAAAGCGTGGGGAGCAAACAGG","Genotype","HET",-0.333975747369665,0.0996001444142486,59,0,0.00156602633274868,0.0222540584127444,"k__Bacteria; p__Firmicutes; c__Clostridia; o__Oscillospirales; f__Oscillospiraceae; g__; s__"
"3","TACGTAGGGAGCGAGCGTTGTCCGGAATTACTGGGTGTAAAGGGAGCGTAGGCGGGGGTACAAGTTGGGTGTTAAATCTACCGGCTCAACTGGTAGTCGCACTCAAAACTGTATCTCTTGAGTGAAGTAGAGGCAGGCGGAATTCCTAGTGTAGCGGTGAAATGCGTAGATATTAGGAGGAACACCAGTGGCGAAGGCGGCCTGCTGGGCTTTTACTGACGCTGAGGCTCGAAAGTGTGGGGAGCAAACAGG","Genotype","HET",-0.258465711622734,0.081463582746988,59,0,0.00268105899479826,0.0336691129579316,"k__Bacteria; p__Firmicutes; c__Clostridia; o__Oscillospirales; f__Ruminococcaceae; g__; s__"
"4","TACGTAGGGGGCAAGCGTTATCCGGAATTACTGGGTGTAAAGGGAGCGTAGACGGTTAAGCAAGTCTGGAGTGAAAGGCGGGGGCCCAACCCCCGGACTGCTCTGGAAACTGTGTAACTAGAGTGCAGGAGAGGTAAGCGGAATTCCTAGTGTAGCGGTGAAATGCGTAGATATTAGGAGGAACACCAGTGGCGAAGGCGGCTTACTGGACTGTAACTGACGTTGAGGCTCGAAAGCGTGGGGAGCAAACAGG","Genotype","MUT",-0.47451648920988,0.134762605021216,59,0,0.000974493832132426,0.0155919013141188,"k__Bacteria; p__Firmicutes; c__Clostridia; o__Lachnospirales; f__Lachnospiraceae; g__Lachnospiraceae NK4A136 group; s__"
"5","TACGTAGGGGGCAAGCGTTATCCGGATTTACTGGGTGTAAAGGGAGCGTAGACGGCAAGGCAAGTCAGAAGTGAAAACCCATGGCTCAACCATGGGACTGCTTTTGAAACTGTCTGGCTGGAGTGCAGGAGAGGTAAGCGGAATTCCTAGTGTAGCGGTGAAATGCGTAGATATTAGGAGGAACACCAGTGGCGAAGGCGGCTTGCTGGACTGTAACTGACGTTGAGGCTCGAAAGCGTGGGGAGCAAACAGG","Genotype","HET",-0.562804780293128,0.146061279468374,59,0,0.00035807176175714,0.00678451759118792,"k__Bacteria; p__Firmicutes; c__Clostridia; o__Lachnospirales; f__Lachnospiraceae; g__; s__"
"6","TACGTAGGGGGCAAGCGTTATCCGGATTTACTGGGTGTAAAGGGAGCGTAGACGGCAAGGCAAGTCAGAAGTGAAAACCCATGGCTCAACCATGGGACTGCTTTTGAAACTGTCTGGCTGGAGTGCAGGAGAGGTAAGCGGAATTCCTAGTGTAGCGGTGAAATGCGTAGATATTAGGAGGAACACCAGTGGCGAAGGCGGCTTGCTGGACTGTAACTGACGTTGAGGCTCGAAAGCGTGGGGAGCAAACAGG","Genotype","MUT",-0.550996334049815,0.146574089674597,59,0,0.000468993126181056,0.00844187627125901,"k__Bacteria; p__Firmicutes; c__Clostridia; o__Lachnospirales; f__Lachnospiraceae; g__; s__"
"7","TACGTAGGGGGCAAGCGTTATCCGGATTTACTGGGTGTAAAGGGAGCGTAGACGGCGGTGCAAGCCAGATGTGAAAGCCCGGGGCTCAACCCCGGGACTGCATTTGGAACTGTATGGCTGGAGTGTCGGAGAGGCAGGCGGAATTCCTAGTGTAGCGGTGAAATGCGTAGATATTAGGAGGAACACCAGTGGCGAAGGCGGCCTGCTGGACGATGACTGACGTTGAGGCTCGAAAGCGTGGGGAGCAAACAGG","Genotype","HET",-0.453233040470304,0.115659918740863,59,0,0.000295963703108697,0.00586496879554848,"k__Bacteria; p__Firmicutes; c__Clostridia; o__Lachnospirales; f__Lachnospiraceae; g__Lachnoclostridium; s__"
"8","TACGTAGGGGGCAAGCGTTATCCGGATTTACTGGGTGTAAAGGGAGCGTAGACGGTGAGACAAGTCTGAAGTGAAAGCCCGGGGCTCAACCCCGGGACTGCTTTGGAAACTGCCTGACTGGAGTGCTGGAGAGGCAAGCGGAATTCCTAGTGTAGCGGTGAAATGCGTAGATATTAGGAAGAACACCAGTGGCGAAGGCGGCTTGCTGGACAGTAACTGACGTTGAGGCTCGAAAGCGTGGGGAGCAAACAGG","Genotype","MUT",0.565514842322266,0.130546385939349,59,0,7.54894513752121e-05,0.00203821518713073,"k__Bacteria; p__Firmicutes; c__Clostridia; o__Lachnospirales; f__Lachnospiraceae; g__; s__"
"9","TACGTAGGGGGCGAGCGTTATCCGGATTCACTGGGTGTAAAGGGAGCGTAGACGGCCGATCAAGTCTGGAGTGAAAGCCCGGGGCCCAACCCCGGGACTGCTCTGGAAACTGGTGGGCTAGAGTGCTGGAGAGGTAAGTGGAATTCCTAGTGTAGCGGTGAAATGCGTAGATATTAGGAGGAACACCAGTGGCGAAGGCGGCTTACTGGACAGTGACTGACGTTGAGGCTCGAAAGCGTGGGGAGCAAACAGG","Genotype","HET",-0.494467431952531,0.11750977497359,59,0,0.000118159382583742,0.00293361225725153,"k__Bacteria; p__Firmicutes; c__Clostridia; o__Lachnospirales; f__Lachnospiraceae; g__; s__"
"10","TACGTATGGAGCAAGCGTTATCCGGAATTACTGGGTGTAAAGGGAGCGTAGACGGACTTGCAAGTCTGATGTGAAAGGCGGGGGCTCAACCCCTGGACTGCATTGGAAACTGTAGGTCTTGAGTGCCGGAGAGGTAAGCGGAATTCCTAGTGTAGCGGTGAAATGCGTAGATATTAGGAGGAACACCAGTGGCGAAGGCGGCTTACTGGACGGTAACTGACGTTGAGGCTCGAAAGCGTGGGGAGCAAACAGG","Genotype","MUT",0.654061921371201,0.177346656712224,59,0,0.000593930069597611,0.0100225699244597,"k__Bacteria; p__Firmicutes; c__Clostridia; o__Lachnospirales; f__Lachnospiraceae; g__Marvinbryantia; s__"
